,path,label,pca
0,gs://fruits-data/fruits-360-PCA/Kiwi/r_38_100.jpg,Kiwi,"[-2.9570987177001697,-29.78086260224499,136.56259106482446,151.91455632553576,-33.24505975460188,75.72613032567001,3.2691426362121785]"
1,gs://fruits-data/fruits-360-PCA/Kiwi/3_100.jpg,Kiwi,"[54.97632942026643,-152.28960915811982,53.306742812178484,-91.67766743807633,-114.57451101561516,-56.6141453626436,1.7820885364811876]"
2,gs://fruits-data/fruits-360-PCA/Apricot/3_100.jpg,Apricot,"[39.020768537442905,-2.622832503492067,-120.71287617787739,61.787609360612365,-31.94897882440069,-14.731196111773427,87.0817395404179]"
3,gs://fruits-data/fruits-360-PCA/Apricot/322_100.jpg,Apricot,"[33.75948706788353,-6.452299049877985,-114.18294271754814,63.50684376395816,-27.740979752952676,-15.928269782043612,-86.49704600577911]"
4,gs://fruits-data/fruits-360-PCA/Apple Granny Smith/3_100.jpg,Apple Granny Smith,"[135.3520920429085,122.20482841349344,29.123293247303376,-97.10279031031794,-27.429661281521863,91.47622138506978,-0.2576441248588161]"
5,gs://fruits-data/fruits-360-PCA/Apple Granny Smith/r_3_100.jpg,Apple Granny Smith,"[38.27136192425659,47.02008230287578,76.22137320806249,4.584112547286876,108.69762386603165,-142.96123008693107,3.070004155539378]"
6,gs://fruits-data/fruits-360-PCA/Chestnut/r2_4_100.jpg,Chestnut,"[-57.06609313690934,-107.43115766542012,-26.66441757794147,-65.20464847780949,129.87429769195984,92.0542084689912,2.9867129260125553]"
7,gs://fruits-data/fruits-360-PCA/Chestnut/93_100.jpg,Chestnut,"[-199.33493257812603,80.87437332143605,10.585033341177589,-50.4775713585488,-75.11170365995348,-14.39168319035476,2.044705188937924]"
